<?xml version="1.0" encoding="UTF-8"?>
<project-private xmlns="http://www.netbeans.org/ns/project-private/1">
    <editor-bookmarks xmlns="http://www.netbeans.org/ns/editor-bookmarks/2" lastBookmarkId="0"/>
    <open-files xmlns="http://www.netbeans.org/ns/projectui-open-files/2">
        <group>
            <file>file:/home/crether/Documents/POS/Java/Netbeans/BSP_Uhrzeitanzeige/src/gui/TimePanel.java</file>
            <file>file:/home/crether/Documents/POS/Java/Netbeans/BSP_Uhrzeitanzeige/src/gui/Main.java</file>
            <file>file:/home/crether/Documents/POS/Java/Netbeans/BSP_Uhrzeitanzeige/src/gui/ClockLabel.java</file>
            <file>file:/home/crether/Documents/POS/Java/Netbeans/BSP_Uhrzeitanzeige/src/gui/DigitLabel.java</file>
        </group>
    </open-files>
</project-private>
