<?xml version="1.0" encoding="UTF-8"?>
<project-private xmlns="http://www.netbeans.org/ns/project-private/1">
    <editor-bookmarks xmlns="http://www.netbeans.org/ns/editor-bookmarks/2" lastBookmarkId="0"/>
    <open-files xmlns="http://www.netbeans.org/ns/projectui-open-files/2">
        <group>
            <file>file:/home/crether/coding/POS/Java/jdbc/Exa_002_MitarbeiterDB/src/at/thecrether/bl/EmployeeTableModel.java</file>
            <file>file:/home/crether/coding/POS/Java/jdbc/Exa_002_MitarbeiterDB/src/at/thecrether/ui/AddEmployeeDialog.java</file>
            <file>file:/home/crether/coding/POS/Java/jdbc/Exa_002_MitarbeiterDB/src/at/thecrether/db/DBAccess.java</file>
        </group>
    </open-files>
</project-private>
